"Scientific Name","Common Name","Where Listed","Region  ","ESA Listing Status  ","Group"
"Lepidomeda mollispinis pratensis","Big Spring spinedace","Wherever found","8","Threatened","Fishes"
"Gila bicolor ssp. mohavensis","Mohave tui chub","Wherever found","8","Endangered","Fishes"
"Tamias minimus atristriatus","Penasco least chipmunk","Wherever found","2","Endangered","Mammals"
"Dipodomys nitratoides exilis","Fresno kangaroo rat","Wherever found","8","Endangered","Mammals"
"Crystallaria cincotta","Diamond Darter","Wherever found","5","Endangered","Fishes"
"Eucyclogobius newberryi","tidewater goby","Wherever found","8","Endangered","Fishes"
"Caracara plancus audubonii","Crested caracara (Audubon's) [FL DPS]","FL DPS","4","Threatened","Birds"
"Etheostoma akatulo","bluemask darter","Wherever found","4","Endangered","Fishes"
"Sistrurus catenatus","Eastern Massasauga (=rattlesnake)","Wherever found","3","Threatened","Reptiles"
"Chasiempis ibidis","Oahu elepaio","Wherever found","1","Endangered","Birds"
"Erimonax monachus","Spotfin Chub","U.S.A. (TN-specified portions of the Tellico River; see 17.84(m)(1)(i))","4","Experimental Population, Non-Essential","Fishes"
"Neoseps reynoldsi","Sand skink","Wherever found","4","Threatened","Reptiles"
"Etheostoma nianguae","Niangua darter","Wherever found","3","Threatened","Fishes"
"Strix occidentalis lucida","Mexican spotted owl","Wherever found","2","Threatened","Birds"
"Macrhybopsis tetranema","Peppered chub","Wherever found","2","Endangered","Fishes"
"Notropis simus pecosensis","Pecos bluntnose shiner","Wherever found","2","Threatened","Fishes"
"Dipodomys heermanni morroensis","Morro Bay kangaroo rat","Wherever found","8","Endangered","Mammals"
"Gila purpurea","Yaqui chub","Wherever found","2","Endangered","Fishes"
"Odocoileus virginianus leucurus","Columbian white-tailed deer","Columbia River DPS","1","Threatened","Mammals"
"Rana sierrae","Sierra Nevada Yellow-legged Frog","Wherever found","8","Endangered","Amphibians"
"Rhinichthys osculus thermalis","Kendall Warm Springs dace","Wherever found","6","Endangered","Fishes"
"Nerodia clarkii taeniata","Atlantic salt marsh snake","Wherever found","4","Threatened","Reptiles"
"Anaxyrus baxteri","Wyoming Toad","Wherever found","6","Endangered","Amphibians"
"Pseudemys rubriventris bangsi","Plymouth Redbelly Turtle = Plymouth Redbelly Cooter","Wherever found","5","Endangered","Reptiles"
"Ptychocheilus lucius","Colorado pikeminnow","Wherever found, except where listed as an experimental population","6","Endangered","Fishes"
"Nerodia erythrogaster neglecta","Copperbelly water snake","Indiana north of 40 degrees north latitude, Michigan, Ohio","3","Threatened","Reptiles"
"Thamnophis sirtalis tetrataenia","San Francisco garter snake","Wherever found","8","Endangered","Reptiles"
"Antigone canadensis pulla","Mississippi sandhill crane","Wherever found","4","Endangered","Birds"
"Chasmistes liorus","June sucker","Wherever found","6","Threatened","Fishes"
"Gila bicolor ssp. snyderi","Owens Tui Chub","Wherever found","8","Endangered","Fishes"
"Gila intermedia","Gila chub","Wherever found","2","Endangered","Fishes"
"Eremophila alpestris strigata","Streaked Horned lark","Wherever found","1","Threatened","Birds"
"Agelaius xanthomus","Yellow-shouldered blackbird","Wherever found","4","Endangered","Birds"
"Caretta caretta","Loggerhead sea turtle","Northwest Atlantic Ocean DPS","4","Threatened","Reptiles"
"Charadrius nivosus nivosus","western snowy plover","Pacific Coast population DPS-U.S.A. (CA, OR, WA), Mexico (within 50 miles of Pacific coast)","8","Threatened","Birds"
"Xyrauchen texanus","Razorback sucker","Wherever found","6","Endangered","Fishes"
"Gila nigrescens","Chihuahua chub","Wherever found","2","Threatened","Fishes"
"Cyprinella formosa","Beautiful shiner","Wherever found","2","Threatened","Fishes"
"Microtus pennsylvanicus dukecampbelli","Florida salt marsh vole","Wherever found","4","Endangered","Mammals"
"Fundulus julisia","Barrens topminnow","Wherever found","4","Endangered","Fishes"
"Ameiva polops","St. Croix ground lizard","Wherever found","4","Endangered","Reptiles"
"Oncorhynchus clarkii stomias","Greenback Cutthroat trout","Wherever found","6","Threatened","Fishes"
"Myotis septentrionalis","Northern Long-Eared Bat","Wherever found","3","Endangered","Mammals"
"Etheostoma spilotum","Kentucky arrow darter","Wherever found","4","Threatened","Fishes"
"Grus americana","Whooping crane","U.S.A. (CO, ID, FL, NM, UT, and the western half of Wyoming)","2","Experimental Population, Non-Essential","Birds"
"Macrochelys suwanniensis","Suwannee alligator snapping turtle","","4","Threatened","Reptiles"
"Gambusia nobilis","Pecos gambusia","Wherever found","2","Endangered","Fishes"
"Neotoma floridana smalli","Key Largo woodrat","Wherever found","4","Endangered","Mammals"
"Numenius borealis","Eskimo curlew","Wherever found","7","Endangered","Birds"
"Eumops floridanus","Florida bonneted bat","Wherever found","4","Endangered","Mammals"
"Spirinchus thaleichthys","Longfin Smelt","San Francisco Bay-Delta DPS","8","Endangered","Fishes"
"Setophaga angelae","Elfin-woods warbler","Wherever found","4","Threatened","Birds"
"Loxops caeruleirostris","Akekee","Wherever found","1","Endangered","Birds"
"Canis lupus","Gray wolf","CO","6","Experimental Population, Non-Essential","Mammals"
"Rana boylii","Foothill yellow-legged frog","Central Coast Distinct Population Segment (Central Coast DPS)","8","Threatened","Amphibians"
"Rana boylii","Foothill yellow-legged frog","North Feather Distinct Population Segment (North Feather DPS)","8","Threatened","Amphibians"
"Rana chiricahuensis","Chiricahua leopard frog","Wherever found","2","Threatened","Amphibians"
"Lepidomeda vittata","Little Colorado spinedace","Wherever found","2","Threatened","Fishes"
"Gopherus polyphemus","Gopher tortoise","Western DPS","4","Threatened","Reptiles"
"Pteropus mariannus mariannus","Mariana fruit Bat (=Mariana flying fox)","Wherever found","1","Threatened","Mammals"
"Rostrhamus sociabilis plumbeus","Everglade snail kite","Wherever found","4","Endangered","Birds"
"Eremichthys acros","Desert dace","Wherever found","8","Threatened","Fishes"
"Cyclura stejnegeri","Mona ground Iguana","Wherever found","4","Threatened","Reptiles"
"Masticophis lateralis euryxanthus","Alameda whipsnake (=striped racer)","Wherever found","8","Threatened","Reptiles"
"Pseudonestor xanthophrys","Maui parrotbill (Kiwikiu)","Wherever found","1","Endangered","Birds"
"Notropis girardi","Arkansas River shiner","Arkansas River Basin (AR, KS, NM, OK, TX)","2","Threatened","Fishes"
"Dionda diaboli","Devils River minnow","Wherever found","2","Threatened","Fishes"
"Paroreomyza maculata","O`ahu `alauahio","Wherever found","1","Endangered","Birds"
"Etheostoma etowahae","Etowah darter","Wherever found","4","Endangered","Fishes"
"Phoxinus cumberlandensis","Blackside dace","Wherever found","4","Threatened","Fishes"
"Thamnophis rufipunctatus","Narrow-headed gartersnake","Wherever found","2","Threatened","Reptiles"
"Sterna dougallii dougallii","Roseate tern","Northeast U.S. nesting population","5","Endangered","Birds"
"Thomomys mazama tumuli","Tenino pocket gopher","Wherever found","1","Threatened","Mammals"
"Antilocapra americana sonoriensis","Sonoran pronghorn","Wherever found, except where listed as an experimental population","2","Endangered","Mammals"
"Chasmistes cujus","Cui-ui","Wherever found","8","Endangered","Fishes"
"Anolis roosevelti","Culebra Island giant anole","Wherever found","4","Endangered","Reptiles"
"Eleutherodactylus juanariveroi","Llanero Coqui","Wherever found","4","Endangered","Amphibians"
"Peromyscus polionotus ammobates","Alabama beach mouse","Wherever found","4","Endangered","Mammals"
"Salvelinus confluentus","Bull Trout","U.S.A., coterminous, lower 48 states","1","Threatened","Fishes"
"Empetrichthys latos","Pahrump poolfish","Wherever found","8","Endangered","Fishes"
"Loxops mana","Hawaii creeper","Wherever found","1","Endangered","Birds"
"Hemignathus wilsoni","akiapolaau","Wherever found","1","Endangered","Birds"
"Gasterosteus aculeatus williamsoni","unarmored threespine stickleback","Wherever found","8","Endangered","Fishes"
"Polioptila californica californica","Coastal California gnatcatcher","Wherever found","8","Threatened","Birds"
"Palmeria dolei","`Akohekohe (crested honeycreeper)","Wherever found","1","Endangered","Birds"
"Glyptemys muhlenbergii","bog turtle","Wherever found, except GA, NC, SC, TN, VA","5","Threatened","Reptiles"
"Myadestes palmeri","Puaiohi","Wherever found","1","Endangered","Birds"
"Laterallus jamaicensis ssp. jamaicensis","Eastern Black rail","Wherever found","4","Threatened","Birds"
"Puma (=Felis) concolor coryi","Florida panther","Wherever found","4","Endangered","Mammals"
"Noturus stanauli","Pygmy madtom","U.S.A. (TN - specified portions of the French Broad and Holston Rivers; see 17.84(t)(1)(i))","4","Experimental Population, Non-Essential","Fishes"
"Eretmochelys imbricata","Hawksbill sea turtle","Wherever found","4","Endangered","Reptiles"
"Megapodius laperouse","Micronesian megapode","Wherever found","1","Endangered","Birds"
"Etheostoma osburni","Candy darter","Wherever found","5","Endangered","Fishes"
"Myotis grisescens","Gray bat","Wherever found","3","Endangered","Mammals"
"Percina aurolineata","Goldline darter","Wherever found","4","Threatened","Fishes"
"Ambystoma californiense","California tiger Salamander","U.S.A. (CA - Santa Barbara County)","8","Endangered","Amphibians"
"Sternotherus depressus","Flattened musk turtle","Black Warrior R. system upstream from Bankhead Dam","4","Threatened","Reptiles"
"Neotoma fuscipes riparia","riparian woodrat (= San Joaquin Valley)","Wherever found","8","Endangered","Mammals"
"Etheostoma rubrum","Bayou darter","Wherever found","4","Threatened","Fishes"
"Acipenser oxyrinchus (=oxyrhynchus) desotoi","Gulf sturgeon","Wherever found","4","Threatened","Fishes"
"Aphelocoma coerulescens","Florida scrub-jay","Wherever found","4","Threatened","Birds"
"Chelonia mydas","Green sea turtle","Central South Pacific DPS","1","Endangered","Reptiles"
"Ursus maritimus","Polar bear","Wherever found","7","Threatened","Mammals"
"Pterodroma hasitata","Black-capped Petrel","Wherever found","4","Endangered","Birds"
"Eurycea naufragia","Georgetown Salamander","Wherever found","2","Threatened","Amphibians"
"Meda fulgida","Spikedace","Wherever found","2","Endangered","Fishes"
"Acrocephalus familiaris kingi","Nihoa millerbird (old world warbler)","Wherever found","1","Endangered","Birds"
"Graptemys barbouri","Barbour's map turtle","Wherever found","4","Similarity of Appearance (Threatened)","Reptiles"
"Percina pantherina","Leopard darter","Wherever found","2","Threatened","Fishes"
"Dipodomys merriami parvus","San Bernardino Merriam's kangaroo rat","Wherever found","8","Endangered","Mammals"
"Epicrates monensis monensis","Mona boa","Wherever found","4","Threatened","Reptiles"
"Anaxyrus canorus","Yosemite toad","Wherever found","8","Threatened","Amphibians"
"Mustela nigripes","Black-footed ferret","[Shirley Basin/Medicine Bow Management Area NEP] - U.S.A. (parts of WY)","6","Experimental Population, Non-Essential","Mammals"
"Noturus flavipinnis","Yellowfin madtom","Wherever found, except where listed as an experimental population","4","Threatened","Fishes"
"Brachylagus idahoensis","Pygmy Rabbit","Columbia Basin DPS","1","Endangered","Mammals"
"Pituophis ruthveni","Louisiana pinesnake","Wherever found","4","Threatened","Reptiles"
"Rana muscosa","Mountain yellow-legged frog","Northern California DPS","8","Endangered","Amphibians"
"Notropis albizonatus","Palezone shiner","Wherever found","4","Endangered","Fishes"
"Gila bicolor ssp.","Hutton tui chub","Wherever found","1","Threatened","Fishes"
"Canis lupus","Gray wolf","U.S.A.: All of AL, AR, CA, CO, CT, DE, FL, GA, IA, IN, IL, KS, KY, LA, MA, MD, ME, MI, MO, MS, NC, ND, NE, NH, NJ, NV, NY, OH, OK, PA, RI, SC, SD, TN, TX, VA, VT, WI, and WV; and portions of AZ, NM, OR, UT, and WA. Mexico.","6","Endangered","Mammals"
"Empidonax traillii extimus","Southwestern willow flycatcher","Wherever found","2","Endangered","Birds"
"Rhinichthys osculus lethoporus","Independence Valley speckled dace","Wherever found","8","Endangered","Fishes"
"Cottus specus","Grotto Sculpin","Wherever found","3","Endangered","Fishes"
"Leptonycteris nivalis","Mexican long-nosed bat","Wherever found","2","Endangered","Mammals"
"Chilabothrus granti","Virgin Islands tree boa","Wherever found","4","Endangered","Reptiles"
"Graptemys gibbonsi","Pascagoula map turtle","Wherever found","4","Similarity of Appearance (Threatened)","Reptiles"
"Plethodon shenandoah","Shenandoah salamander","Wherever found","5","Endangered","Amphibians"
"Emballonura semicaudata rotensis","Pacific sheath-tailed Bat","Wherever found","1","Endangered","Mammals"
"Eurycea waterlooensis","Austin blind Salamander","Wherever found","2","Endangered","Amphibians"
"Etheostoma chienense","Relict darter","Wherever found","4","Threatened","Fishes"
"Etheostoma wapiti","Boulder darter","Wherever found","4","Endangered","Fishes"
"Erimystax cahni","Slender chub","U.S.A. (TN - specified portions of the French Broad and Holston  Rivers; see 17.84(s)(1)(i))","4","Experimental Population, Non-Essential","Fishes"
"Hypomesus transpacificus","Delta smelt","Wherever found","8","Threatened","Fishes"
"Noturus flavipinnis","Yellowfin madtom","U.S.A. (TN - specified portions of the French Broad and Holston Rivers; see 17.84(e)(1)(iii))","4","Experimental Population, Non-Essential","Fishes"
"Charadrius melodus","Piping Plover","[Atlantic Coast and Northern Great Plains populations] - Wherever found, except those areas where listed as endangered.","5","Threatened","Birds"
"Eleutherodactylus cooki","Guajon","Wherever found","4","Threatened","Amphibians"
"Enhydra lutris kenyoni","Northern Sea Otter","Southwest Alaska DPS","7","Threatened","Mammals"
"Gila robusta jordani","Pahranagat roundtail chub","Wherever found","8","Endangered","Fishes"
"Scaphirhynchus platorynchus","Shovelnose Sturgeon","Wherever found","6","Similarity of Appearance (Threatened)","Fishes"
"Brachyramphus marmoratus","Marbled Murrelet","U.S.A. (CA, OR, WA)","1","Threatened","Birds"
"Salvelinus confluentus","Bull Trout","Clackamas River subbasin experimental population","1","Experimental Population, Non-Essential","Fishes"
"Peromyscus polionotus allophrys","Choctawhatchee beach mouse","Wherever found","4","Endangered","Mammals"
"Catostomus discobolus yarrowi","Zuni bluehead Sucker","Wherever found","2","Endangered","Fishes"
"Etheostoma sellare","Maryland darter","Wherever found","5","Endangered","Fishes"
"Todiramphus cinnamominus","Guam kingfisher","Wherever found","1","Endangered","Birds"
"Puma yagouaroundi cacomitli","Gulf Coast jaguarundi","Wherever found","2","Endangered","Mammals"
"Cyprinodon radiosus","Owens pupfish","Wherever found","8","Endangered","Fishes"
"Rallus obsoletus yumanensis","Yuma Ridgway's rail","Wherever found","2","Endangered","Birds"
"Corvus hawaiiensis","Hawaiian crow","Wherever found","1","Endangered","Birds"
"Canis lupus baileyi","Mexican wolf","U.S.A. (portions of AZ and NM)see 17.84(k)","2","Experimental Population, Non-Essential","Mammals"
"Amblyopsis rosae","Ozark cavefish","Wherever found","4","Threatened","Fishes"
"Rallus obsoletus levipes","Light-footed Ridgway's rail","Wherever found","8","Endangered","Birds"
"Salmo salar","Atlantic salmon","Gulf of Maine DPS","5","Endangered","Fishes"
"Perognathus longimembris pacificus","Pacific pocket mouse","Wherever found","8","Endangered","Mammals"
"Sternula antillarum browni","California least tern","Wherever found","8","Endangered","Birds"
"Psittirostra psittacea","`O`u (honeycreeper)","Wherever found","1","Endangered","Birds"
"Chelonia mydas","Green sea turtle","North Atlantic DPS","4","Threatened","Reptiles"
"Etheostoma moorei","Yellowcheek Darter","Wherever found","4","Endangered","Fishes"
"Gila cypha","Humpback chub","Wherever found","6","Threatened","Fishes"
"Zapus hudsonius preblei","Preble's meadow jumping mouse","wherever found","6","Threatened","Mammals"
"Crocodylus acutus","American crocodile","U.S.A. (FL)","4","Threatened","Reptiles"
"Grus americana","Whooping crane","Wherever found, except where listed as an experimental population","2","Endangered","Birds"
"Menidia extensa","Waccamaw silverside","Wherever found","4","Threatened","Fishes"
"Rhinichthys osculus oligoporus","Clover Valley speckled dace","Wherever found","8","Endangered","Fishes"
"Plethodon nettingi","Cheat Mountain salamander","Wherever found","5","Threatened","Amphibians"
"Peromyscus polionotus phasma","Anastasia Island beach mouse","Wherever found","4","Endangered","Mammals"
"Scaphirhynchus albus","Pallid sturgeon","Wherever found","6","Endangered","Fishes"
"Corynorhinus (=Plecotus) townsendii virginianus","Virginia big-eared bat","Wherever found","5","Endangered","Mammals"
"Zosterops rotensis","Rota bridled white-eye","Wherever found","1","Endangered","Birds"
"Pekania pennanti","Fisher","SSN DPS","8","Endangered","Mammals"
"Eurycea rathbuni","Texas blind salamander","Wherever found","2","Endangered","Amphibians"
"Noturus furiosus","Carolina madtom","Wherever found","4","Endangered","Fishes"
"Mustela nigripes","Black-footed ferret","[Conata Basin/Badlands Reintroduction Area NEP] - U.S.A. (parts of SD)","6","Experimental Population, Non-Essential","Mammals"
"Lagopus leucura rainierensis","Mt. Rainier white-tailed ptarmigan","Wherever found","1","Threatened","Birds"
"Loxops coccineus","Hawaii akepa","Wherever found","1","Endangered","Birds"
"Lynx canadensis","Canada Lynx","Wherever Found in Contiguous U.S.","6","Threatened","Mammals"
"Setophaga chrysoparia","golden-cheeked warbler","Wherever found","2","Endangered","Birds"
"Accipiter striatus venator","Puerto Rican sharp-shinned hawk","Wherever found","4","Endangered","Birds"
"Tiaroga cobitis","Loach minnow","Wherever found","2","Endangered","Fishes"
"Gymnomyza samoensis","Mao (= maomao) (honeyeater)","Wherever found","1","Endangered","Birds"
"Etheostoma scotti","Cherokee darter","Wherever found","4","Threatened","Fishes"
"Ambystoma californiense","California tiger Salamander","U.S.A. (CA - Sonoma County)","8","Endangered","Amphibians"
"Tamiasciurus fremonti grahamensis","Mount Graham red squirrel","Wherever found","2","Endangered","Mammals"
"Graptemys pearlensis","Pearl River Map Turtle","","4","Threatened","Reptiles"
"Glyptemys muhlenbergii","bog turtle","U.S.A. (GA, NC, SC, TN, VA)","4","Similarity of Appearance (Threatened)","Reptiles"
"Canis rufus","Red wolf","U.S.A. (portions of NC and TN)","4","Experimental Population, Non-Essential","Mammals"
"Cottus paulus (=pygmaeus)","Pygmy Sculpin","Wherever found","4","Threatened","Fishes"
"Noturus munitus","Frecklebelly madtom","Upper Coosa River DPS","4","Threatened","Fishes"
"Glaucomys sabrinus coloratus","Carolina northern flying squirrel","Wherever found","4","Endangered","Mammals"
"Ursus arctos horribilis","Grizzly bear","North Cascades Ecosystem Non-Essential Experimental Population","1","Experimental Population, Non-Essential","Mammals"
"Telespiza ultima","Nihoa finch","Wherever found","1","Endangered","Birds"
"Crotalus willardi obscurus","New Mexican ridge-nosed rattlesnake","Wherever found","2","Threatened","Reptiles"
"Anas laysanensis","Laysan duck","Wherever found","1","Endangered","Birds"
"Gopherus agassizii","Desert tortoise","Wherever found, except AZ south and east of Colorado R., and Mexico","8","Threatened","Reptiles"
"Campephilus principalis","Ivory-billed woodpecker","Wherever found","4","Endangered","Birds"
"Rana boylii","Foothill yellow-legged frog","South Sierra Distinct Population Segment (South Sierra DPS)","8","Endangered","Amphibians"
"Chelonia mydas","Green sea turtle","Central North Pacific DPS","1","Threatened","Reptiles"
"Rhinichthys osculus nevadensis","Ash Meadows speckled dace","Wherever found","8","Endangered","Fishes"
"Necturus lewisi","Neuse River waterdog","Wherever found","4","Threatened","Amphibians"
"Gallinula chloropus guami","Mariana common moorhen (pulattat)","Wherever found","1","Endangered","Birds"
"Drepanis coccinea","`I`iwi","Wherever found","1","Threatened","Birds"
"Dermochelys coriacea","Leatherback sea turtle","Wherever found","4","Endangered","Reptiles"
"Oryzomys palustris natator","Silver rice rat","lower FL Keys","4","Endangered","Mammals"
"Odocoileus virginianus clavium","Key deer","Wherever found","4","Endangered","Mammals"
"Gopherus agassizii","Desert tortoise","AZ south and east of Colorado R., and Mexico, when found outside of Mexico or said range in AZ","8","Similarity of Appearance (Threatened)","Reptiles"
"Drymarchon couperi","Eastern indigo snake","Wherever found","4","Threatened","Reptiles"
"Gila elegans","Bonytail","Wherever found","6","Endangered","Fishes"
"Canis rufus","Red wolf","Wherever found, except where listed as an experimental population","4","Endangered","Mammals"
"Cryptobranchus alleganiensis bishopi","Ozark Hellbender","Wherever found","3","Endangered","Amphibians"
"Dipodomys nitratoides nitratoides","Tipton kangaroo rat","Wherever found","8","Endangered","Mammals"
"Emballonura semicaudata semicaudata","Pacific sheath-tailed Bat","American Samoa","1","Endangered","Mammals"
"Speoplatyrhinus poulsoni","Alabama cavefish","Wherever found","4","Endangered","Fishes"
"Enhydra lutris nereis","Southern sea otter","Wherever found","8","Threatened","Mammals"
"Notropis topeka (=tristis)","Topeka shiner","Wherever found, except where listed as an experimental population","6","Endangered","Fishes"
"Sylvilagus palustris hefneri","Lower Keys marsh rabbit","Wherever found","4","Endangered","Mammals"
"Gymnogyps californianus","California condor","Pacific Northwest NEP","8","Experimental Population, Non-Essential","Birds"
"Mustela nigripes","Black-footed ferret","U.S.A. (WY and specified portions of AZ, CO, MT, SD, and UT, see 17.84(g)(9))","6","Experimental Population, Non-Essential","Mammals"
"Aplodontia rufa nigra","Point Arena mountain beaver","Wherever found","8","Endangered","Mammals"
"Eurycea chisholmensis","Salado Salamander","Wherever found","2","Threatened","Amphibians"
"Dipodomys stephensi (incl. D. cascus)","Stephens' kangaroo rat","Wherever found","8","Threatened","Mammals"
"Elassoma alabamae","Spring pygmy sunfish","Wherever found","4","Threatened","Fishes"
"Uma inornata","Coachella Valley fringe-toed lizard","Wherever found","8","Threatened","Reptiles"
"Noturus flavipinnis","Yellowfin madtom","U.S.A. (TN-specified portions of the Tellico River; see 17.84(e)(1)(ii))","4","Experimental Population, Non-Essential","Fishes"
"Noturus crypticus","Chucky Madtom","Wherever found","4","Endangered","Fishes"
"Gila seminuda (=robusta)","Virgin River Chub","Wherever found","6","Endangered","Fishes"
"Martes caurina","Pacific marten, Coastal DPS","Wherever found","8","Threatened","Mammals"
"Rana pretiosa","Oregon spotted frog","Wherever found","1","Threatened","Amphibians"
"Tympanuchus pallidicinctus","Lesser prairie-chicken","Southern DPS","2","Endangered","Birds"
"Vireo bellii pusillus","Least Bell's vireo","Wherever found","8","Endangered","Birds"
"Phoebastria (=Diomedea) albatrus","Short-tailed albatross","Wherever found","7","Endangered","Birds"
"Etheostoma boschungi","Slackwater darter","Wherever found","4","Threatened","Fishes"
"Rallus obsoletus obsoletus","California Ridgway's rail","Wherever found","8","Endangered","Birds"
"Noturus placidus","Neosho madtom","Wherever found","6","Threatened","Fishes"
"Pituophis melanoleucus lodingi","Black pinesnake","Wherever found","4","Threatened","Reptiles"
"Todiramphus cinnamominus","Guam kingfisher","","1","Experimental Population, Non-Essential","Birds"
"Moapa coriacea","Moapa dace","Wherever found","8","Endangered","Fishes"
"Etheostoma percnurum","Duskytail darter","U.S.A. (TN - specified portions of the French Broad and Holston Rivers; see 17.84(q)(1)(ii))","4","Experimental Population, Non-Essential","Fishes"
"Gymnogyps californianus","California condor","Wherever found, except where listed as an experimental population","8","Endangered","Birds"
"Thomomys mazama yelmensis","Yelm pocket gopher","Wherever found","1","Threatened","Mammals"
"Calidris canutus rufa","rufa red knot","Wherever found","5","Threatened","Birds"
"Cryptobranchus alleganiensis alleganiensis","Eastern Hellbender","Missouri DPS","3","Endangered","Amphibians"
"Branta (=Nesochen) sandvicensis","Hawaiian goose","Wherever found","1","Threatened","Birds"
"Acrocephalus luscinia","Nightingale reed warbler (old world warbler)","Wherever found","1","Endangered","Birds"
"Crenichthys baileyi grandis","Hiko White River springfish","Wherever found","8","Endangered","Fishes"
"Gallicolumba stairi","Friendly Ground-Dove","American Samoa DPS","1","Endangered","Birds"
"Deltistes luxatus","Lost River sucker","Wherever found","8","Endangered","Fishes"
"Noturus baileyi","Smoky madtom","Tellico River, TN","4","Experimental Population, Non-Essential","Fishes"
"Peromyscus polionotus peninsularis","St. Andrew beach mouse","Wherever found","4","Endangered","Mammals"
"Gambusia gaigei","Big Bend gambusia","Wherever found","2","Endangered","Fishes"
"Notropis cahabae","Cahaba shiner","Wherever found","4","Endangered","Fishes"
"Chasmistes brevirostris","shortnose sucker","Wherever found","8","Endangered","Fishes"
"Polysticta stelleri","Steller's Eider","AK breeding pop.","7","Threatened","Birds"
"Gulo gulo luscus","North American wolverine","Wherever found","6","Threatened","Mammals"
"Erimonax monachus","Spotfin Chub","U.S.A. (TN-specified portions of the French Broad and Holston Rivers; see 17.84(m)(1)(iii))","4","Experimental Population, Non-Essential","Fishes"
"Cynomys parvidens","Utah prairie dog","Wherever found","6","Threatened","Mammals"
"Chelonia mydas","Green sea turtle","Central West Pacific DPS","1","Endangered","Reptiles"
"Sterna dougallii dougallii","Roseate tern","Western Hemisphere except NE U.S.","4","Threatened","Birds"
"Corynorhinus (=Plecotus) townsendii ingens","Ozark big-eared bat","Wherever found","2","Endangered","Mammals"
"Thomomys mazama glacialis","Roy Prairie pocket gopher","Wherever found","1","Threatened","Mammals"
"Lepidochelys olivacea","Olive ridley sea turtle","Breeding colony populations on Pacific coast of Mexico","4","Endangered","Reptiles"
"Cyprinodon elegans","Comanche Springs pupfish","Wherever found","2","Endangered","Fishes"
"Ptychocheilus lucius","Colorado pikeminnow","Salt and Verde R. drainages, AZ","6","Experimental Population, Non-Essential","Fishes"
"Notropis topeka (=tristis)","Topeka shiner","U.S.A. (MO-specified portions of Little Creek, Big Muddy Creek, and Spring Creek watersheds in Adair, Gentry, Harrison, Putnam, Sullivan, and Worth Counties; see 17.84(d)(1)(i))","3","Experimental Population, Non-Essential","Fishes"
"Leopardus (=Felis) pardalis","Ocelot","wherever found","2","Endangered","Mammals"
"Ambystoma californiense","California tiger Salamander","U.S.A. (Central CA DPS)","8","Threatened","Amphibians"
"Erimonax monachus","Spotfin Chub","U.S.A. (AL, TN-specified portions of Shoal Creek; see 17.84(m)(1)(ii))","4","Experimental Population, Non-Essential","Fishes"
"Chrosomus saylori","Laurel dace","Wherever found","4","Endangered","Fishes"
"Kinosternon sonoriense longifemorale","Sonoyta mud turtle","Wherever found","2","Endangered","Reptiles"
"Erimonax monachus","Spotfin Chub","Wherever found, except where listed as an experimental population","4","Threatened","Fishes"
"Graptemys ernsti","Escambia Map turtle","Wherever found","4","Similarity of Appearance (Threatened)","Reptiles"
"Peltophryne lemur","Puerto Rican crested toad","Wherever found","4","Threatened","Amphibians"
"Rangifer tarandus ssp. caribou","Southern Mountain Caribou DPS","Southern Mountain DPS","1","Endangered","Mammals"
"Emoia slevini","Slevin's skink","Wherever found","1","Endangered","Reptiles"
"Antrostomus noctitherus","Puerto Rican nightjar","Wherever found","4","Endangered","Birds"
"Patagioenas inornata wetmorei","Puerto Rican plain Pigeon","Wherever found","4","Endangered","Birds"
"Centrocercus minimus","Gunnison Sage-grouse","Wherever found","6","Threatened","Birds"
"Peromyscus gossypinus allapaticola","Key Largo cotton mouse","Wherever found","4","Endangered","Mammals"
"Myadestes lanaiensis rutha","Molokai `oloma`o","Wherever found","1","Endangered","Birds"
"Cyprinodon diabolis","Devils Hole pupfish","Wherever found","8","Endangered","Fishes"
"Batrachoseps aridus","Desert slender salamander","Wherever found","8","Endangered","Amphibians"
"Ambystoma mavortium stebbinsi","Sonoran tiger salamander","Wherever found","2","Endangered","Amphibians"
"Mustela nigripes","Black-footed ferret","[Northcentral Montana Reintroduction Area NEP] - U.S.A. (parts of MT)","6","Experimental Population, Non-Essential","Mammals"
"Gambusia heterochir","Clear Creek gambusia","Wherever found","2","Endangered","Fishes"
"Graptemys oculifera","Ringed map turtle","Wherever found","4","Threatened","Reptiles"
"Puma (=Felis) concolor (all subsp. except coryi)","Puma (=mountain lion)","FL","4","Similarity of Appearance (Threatened)","Mammals"
"Lepidochelys olivacea","Olive ridley sea turtle","Wherever found, except when listed as endangered under 50 CFR 224.101","1","Threatened","Reptiles"
"Cyprinodon bovinus","Leon Springs pupfish","Wherever found","2","Endangered","Fishes"
"Melozone crissalis eremophilus","Inyo California towhee","Wherever found","8","Threatened","Birds"
"Plethodon neomexicanus","Jemez Mountains salamander","Wherever found","2","Endangered","Amphibians"
"Pterodroma cahow","Bermuda petrel","Wherever found","4","Endangered","Birds"
"Zapus hudsonius luteus","New Mexico meadow jumping mouse","Wherever found","2","Endangered","Mammals"
"Himantopus mexicanus knudseni","Hawaiian stilt","Wherever found","1","Endangered","Birds"
"Anaxyrus williamsi","Dixie Valley Toad","","8","Endangered","Amphibians"
"Coccyzus americanus","Yellow-billed Cuckoo","Western U.S. DPS","2","Threatened","Birds"
"Bison bison athabascae","Wood Bison","Wherever found","7","Threatened","Mammals"
"Etheostoma fonticola","Fountain darter","Wherever found","2","Endangered","Fishes"
"Caretta caretta","Loggerhead sea turtle","North Pacific Ocean DPS","1","Endangered","Reptiles"
"Erimystax cahni","Slender chub","Wherever found","4","Threatened","Fishes"
"Panthera onca","Jaguar","Wherever found","2","Endangered","Mammals"
"Alligator mississippiensis","American alligator","Wherever found","4","Similarity of Appearance (Threatened)","Reptiles"
"Oncorhynchus clarkii henshawi","Lahontan cutthroat trout","Wherever found","8","Threatened","Fishes"
"Etheostoma percnurum","Duskytail darter","Wherever found","4","Endangered","Fishes"
"Percina antesella","Amber darter","Wherever found","4","Endangered","Fishes"
"Peromyscus polionotus trissyllepsis","Perdido Key beach mouse","Wherever found","4","Endangered","Mammals"
"Antilocapra americana sonoriensis","Sonoran pronghorn","U.S.A. (AZ), Mexico","2","Experimental Population, Non-Essential","Mammals"
"Rana draytonii","California red-legged frog","Wherever found","8","Threatened","Amphibians"
"Eurycea tonkawae","Jollyville Plateau Salamander","Wherever found","2","Threatened","Amphibians"
"Fulica alai","Hawaiian coot (alae ke`oke`o)","Wherever found","1","Endangered","Birds"
"Somateria fischeri","Spectacled eider","Wherever found","7","Threatened","Birds"
"Percina aurora","Pearl darter","Wherever found","4","Threatened","Fishes"
"Oncorhynchus clarkii seleniris","Paiute cutthroat trout","Wherever found","8","Threatened","Fishes"
"Percina williamsi","Sickle darter","Wherever found","4","Threatened","Fishes"
"Graptemys flavimaculata","Yellow-blotched map turtle","Wherever found","4","Threatened","Reptiles"
"Etheostoma phytophilum","Rush Darter","Wherever found","4","Endangered","Fishes"
"Thamnophis eques megalops","Northern Mexican gartersnake","Wherever found","2","Threatened","Reptiles"
"Chelonia mydas","Green sea turtle","South Atlantic DPS","4","Threatened","Reptiles"
"Gila ditaenia","Sonora chub","Wherever found","2","Threatened","Fishes"
"Bison bison athabascae","Wood Bison","Alaska Experimental Population","7","Experimental Population, Non-Essential","Mammals"
"Glaucidium brasilianum cactorum","Cactus ferruginous pygmy-owl","Wherever found","2","Threatened","Birds"
"Hydrobates castro","Band-rumped Storm-petrel","USA (HI)","1","Endangered","Birds"
"Acipenser transmontanus","White sturgeon","U.S.A. (ID, MT), Canada (B.C.), Kootenai R. system","1","Endangered","Fishes"
"Telespiza cantans","Laysan finch","Wherever found","1","Endangered","Birds"
"Ambystoma mexicanum","Axolotl","","4","Endangered","Amphibians"
"Rana muscosa","Mountain yellow-legged frog","Southern California DPS","8","Endangered","Amphibians"
"Ambystoma cingulatum","Frosted Flatwoods salamander","Wherever found","4","Threatened","Amphibians"
"Cyprinella caerulea","Blue shiner","Wherever found","4","Threatened","Fishes"
"Gallinula galeata sandvicensis","Hawaiian common gallinule","Wherever found","1","Endangered","Birds"
"Oreomystis bairdi","Akikiki","Wherever found","1","Endangered","Birds"
"Vulpes macrotis mutica","San Joaquin kit fox","wherever found","8","Endangered","Mammals"
"Amazona vittata","Puerto Rican parrot","Wherever found","4","Endangered","Birds"
"Vulpes vulpes necator","Sierra Nevada red fox","","8","Endangered","Mammals"
"Falco femoralis septentrionalis","Northern Aplomado Falcon","U.S.A (AZ, NM)","2","Experimental Population, Non-Essential","Birds"
"Hybognathus amarus","Rio Grande Silvery Minnow","Wherever found, except where listed as an experimental population","2","Endangered","Fishes"
"Ursus arctos horribilis","Grizzly bear","U.S.A., conterminous (lower 48) States, except where listed as an experimental population","6","Threatened","Mammals"
"Percina jenkinsi","Conasauga logperch","Wherever found","4","Endangered","Fishes"
"Noturus baileyi","Smoky madtom","Wherever found","4","Endangered","Fishes"
"Chilabothrus inornatus","Puerto Rican boa","Wherever found","4","Endangered","Reptiles"
"Aerodramus bartschi","Mariana swiftlet","Wherever found","1","Endangered","Birds"
"Chelonia mydas","Green sea turtle","East Pacific DPS","8","Threatened","Reptiles"
"Canis lupus baileyi","Mexican wolf","Wherever found, except where listed as an experimental population","2","Endangered","Mammals"
"Falco femoralis septentrionalis","Northern Aplomado Falcon","Wherever found, except where listed as an experimental population","2","Endangered","Birds"
"Corvus kubaryi","Mariana (=aga) Crow","Wherever found","1","Endangered","Birds"
"Mycteria americana","Wood stork","AL, FL, GA, MS, NC, SC","4","Threatened","Birds"
"Cyprinodon nevadensis mionectes","Ash Meadows Amargosa pupfish","Wherever found","8","Endangered","Fishes"
"Peromyscus polionotus niveiventris","Southeastern beach mouse","wherever found","4","Threatened","Mammals"
"Microtus californicus scirpensis","Amargosa vole","Wherever found","8","Endangered","Mammals"
"Scaphirhynchus suttkusi","Alabama sturgeon","Wherever found","4","Endangered","Fishes"
"Lasiurus cinereus semotus","Hawaiian hoary bat","Wherever found","1","Endangered","Mammals"
"Oncorhynchus gilae","Gila trout","Wherever found","2","Threatened","Fishes"
"Notropis oxyrhynchus","Sharpnose Shiner","Wherever found","2","Endangered","Fishes"
"Rana boylii","Foothill yellow-legged frog","South Coast Distinct Population Segment (South Coast DPS)","8","Endangered","Amphibians"
"Dryobates borealis","Red-cockaded woodpecker","Wherever found","4","Threatened","Birds"
"Etheostoma percnurum","Duskytail darter","Tellico River, TN","4","Experimental Population, Non-Essential","Fishes"
"Anas wyvilliana","Hawaiian duck","Wherever found","1","Endangered","Birds"
"Grus americana","Whooping crane","U.S.A (Southwestern Louisiana)","2","Experimental Population, Non-Essential","Birds"
"Ictalurus pricei","Yaqui catfish","Wherever found","2","Threatened","Fishes"
"Thamnophis gigas","Giant garter snake","Wherever found","8","Threatened","Reptiles"
"Crenichthys baileyi baileyi","White River springfish","Wherever found","8","Endangered","Fishes"
"Urocitellus brunneus","Northern Idaho Ground Squirrel","Wherever found","1","Threatened","Mammals"
"Lepidomeda albivallis","White River spinedace","Wherever found","8","Endangered","Fishes"
"Noturus stanauli","Pygmy madtom","Wherever found","4","Endangered","Fishes"
"Mustela nigripes","Black-footed ferret","Wherever found, except where listed as an experimental population","6","Endangered","Mammals"
"Catostomus santaanae","Santa Ana sucker","3 CA river basins","8","Threatened","Fishes"
"Lepidochelys kempii","Kemp's ridley sea turtle","Wherever found","2","Endangered","Reptiles"
"Catostomus warnerensis","Warner sucker","Wherever found","1","Threatened","Fishes"
"Dipodomys ingens","Giant kangaroo rat","Wherever found","8","Endangered","Mammals"
"Ammospiza maritima mirabilis","Cape Sable seaside sparrow","Wherever found","4","Endangered","Birds"
"Etheostoma wapiti","Boulder darter","Shoal Creek","4","Experimental Population, Non-Essential","Fishes"
"Pterodroma sandwichensis","Hawaiian petrel","Wherever found","1","Endangered","Birds"
"Oncorhynchus aguabonita whitei","Little Kern golden trout","Wherever found","8","Threatened","Fishes"
"Corvus leucognaphalus","White-necked crow","Wherever found","4","Endangered","Birds"
"Buteo platypterus brunnescens","Puerto Rican broad-winged hawk","Wherever found","4","Endangered","Birds"
"Cyprinodon macularius","Desert pupfish","Wherever found","2","Endangered","Fishes"
"Graptemys pulchra","Alabama Map turtle","Wherever found","4","Similarity of Appearance (Threatened)","Reptiles"
"Plagopterus argentissimus","Woundfin","Gila R. drainage, AZ, NM","6","Experimental Population, Non-Essential","Fishes"
"Colinus virginianus ridgwayi","Masked bobwhite (quail)","Wherever found","2","Endangered","Birds"
"Reithrodontomys raviventris","salt marsh harvest mouse","wherever found","8","Endangered","Mammals"
"Ambystoma macrodactylum croceum","Santa Cruz long-toed salamander","Wherever found","8","Endangered","Amphibians"
"Puffinus newelli","Newell''s shearwater","Wherever found","1","Threatened","Birds"
"Trichechus manatus","West Indian Manatee","Wherever found","4","Threatened","Mammals"
"Canis lupus","Gray wolf","MN","3","Threatened","Mammals"
"Ovis canadensis sierrae","Sierra Nevada bighorn sheep","Sierra Nevada","8","Endangered","Mammals"
"Myotis sodalis","Indiana bat","Wherever found","3","Endangered","Mammals"
"Plagopterus argentissimus","Woundfin","Wherever found, except where listed as an experimental population","6","Endangered","Fishes"
"Gallirallus owstoni","Guam rail","Wherever found, except where listed as an experimental population","1","Endangered","Birds"
"Pseudemys alabamensis","Alabama red-bellied turtle","Wherever found","4","Endangered","Reptiles"
"Cyprinodon nevadensis pectoralis","Warm Springs pupfish","Wherever found","8","Endangered","Fishes"
"Loxioides bailleui","Palila (honeycreeper)","Wherever found","1","Endangered","Birds"
"Eleutherodactylus jasperi","Golden coqui","Wherever found","4","Threatened","Amphibians"
"Tympanuchus cupido attwateri","Attwater's greater prairie-chicken","Wherever found","2","Endangered","Birds"
"Strix occidentalis caurina","Northern spotted owl","Wherever found","1","Threatened","Birds"
"Gymnogyps californianus","California condor","U.S.A. (specific portions of Arizona, Nevada, and Utah)","8","Experimental Population, Non-Essential","Birds"
"Sylvilagus bachmani riparius","riparian brush rabbit","Wherever found","8","Endangered","Mammals"
"Eumeces egregius lividus","blue-tailed mole skink","Wherever found","4","Threatened","Reptiles"
"Crenichthys nevadae","Railroad Valley springfish","Wherever found","8","Threatened","Fishes"
"Necturus alabamensis","Black warrior (=Sipsey Fork) Waterdog","Wherever found","4","Endangered","Amphibians"
"Rana sevosa","dusky gopher frog","Wherever found","4","Endangered","Amphibians"
"Bufo houstonensis","Houston toad","Wherever found","2","Endangered","Amphibians"
"Etheostoma susanae","Cumberland darter","Wherever found","4","Endangered","Fishes"
"Notropis buccula","Smalleye Shiner","Wherever found","2","Endangered","Fishes"
"Sorex ornatus relictus","Buena Vista Lake shrew","Wherever found","8","Endangered","Mammals"
"Phaeognathus hubrichti","Red Hills salamander","Wherever found","4","Threatened","Amphibians"
"Poeciliopsis occidentalis","Gila topminnow (incl. Yaqui)","Wherever found","2","Endangered","Fishes"
"Eurycea nana","San Marcos salamander","Wherever found","2","Threatened","Amphibians"
"Notropis mekistocholas","Cape Fear shiner","Wherever found","4","Endangered","Fishes"
"Etheostoma chermocki","Vermilion darter","Wherever found","4","Endangered","Fishes"
"Sceloporus arenicolus","Dunes sagebrush lizard","Wherever found","2","Endangered","Reptiles"
"Etheostoma nuchale","Watercress darter","Wherever found","4","Endangered","Fishes"
"Tympanuchus pallidicinctus","Lesser prairie-chicken","Northern DPS","2","Threatened","Birds"
"Gallirallus owstoni","Guam rail","Rota","1","Experimental Population, Non-Essential","Birds"
"Gambelia silus","Blunt-nosed leopard lizard","Wherever found","8","Endangered","Reptiles"
"Noturus flavipinnis","Yellowfin madtom","U.S.A. (TN, VA-specified portions of the Holston River and watershed; see 17.84(e)(1)(i))","4","Experimental Population, Non-Essential","Fishes"
"Lanius ludovicianus mearnsi","San Clemente loggerhead shrike","Wherever found","8","Endangered","Birds"
"Thomomys mazama pugetensis","Olympia pocket gopher","Wherever found","1","Threatened","Mammals"
"Ovis canadensis nelsoni","peninsular bighorn sheep","Peninsular CA pop.","8","Endangered","Mammals"
"Rhynchopsitta pachyrhyncha","Thick-billed parrot","Wherever found","2","Endangered","Birds"
"Ammodramus savannarum floridanus","Florida grasshopper sparrow","Wherever found","4","Endangered","Birds"
"Anaxyrus californicus","Arroyo (=arroyo southwestern) toad","Wherever found","8","Endangered","Amphibians"
"Ambystoma bishopi","Reticulated flatwoods salamander","Wherever found","4","Endangered","Amphibians"
"Gopherus flavomarginatus","Bolson tortoise","Wherever found","2","Endangered","Reptiles"
"Etheostoma trisella","Trispot darter","Wherever found","4","Threatened","Fishes"
"Grus americana","Whooping crane","U.S.A. (AL, AR, CO, FL, GA, ID, IL, IN, IA, KY, LA, MI, MN, MS, MO, NC, NM, OH, SC, TN, UT, VA, WI, WV, western half of WY)","2","Experimental Population, Non-Essential","Birds"
"Charadrius melodus","Piping Plover","[Great Lakes watershed DPS] - Great Lakes, watershed in States of IL, IN, MI, MN, NY, OH, PA, and WI and Canada (Ont.)","3","Endangered","Birds"
"Urocyon littoralis catalinae","Santa Catalina Island Fox","Wherever found","8","Threatened","Mammals"
"Eurycea sosorum","Barton Springs salamander","Wherever found","2","Endangered","Amphibians"